Feature,Correlation with Churn
Day Mins,0.21047524401261666
Day Charge,0.21047489506376205
