Feature,Correlation with Churn
Eve Charge,0.11008550554302528
Night Mins,0.06056852309044858
