Feature,Correlation with Churn
Total Mins,0.18455101905932678
Total Charge,0.2164232128589265
