Feature,Correlation with Churn
Intl Mins,0.08822297748318544
Intl Charge,0.08824232965018787
