summary,State,Account Length,Area Code,Phone,Int'l Plan,VMail Plan,VMail Message,Day Mins,Day Calls,Day Charge,Eve Mins,Eve Calls,Eve Charge,Night Mins,Night Calls,Night Charge,Intl Mins,Intl Calls,Intl Charge,CustServ Calls,Churn,Total Mins,Total Charge
count,3405,3333,3343,3335,3405,3405,3333,3333,3333,3333,3333,3333,3333,3333,3333,3333,3333,3333,3333,3333,3405,3333,3333
mean,,101.06480648064806,437.18241824182417,,0.0948604992657856,0.2707782672540382,8.099009900990099,179.77509750975116,100.43564356435644,30.562307230723093,200.98034803480346,100.11431143114311,17.083540354035392,200.87203720372048,100.10771077107711,9.039324932493264,10.237293729372933,4.4794479447944795,2.764581458145804,1.5628562856285628,0.14185022026431718,591.8647764776483,59.44975397539747
stddev,,39.822105928595676,42.37129048560661,,0.293065195468001,0.4444270521670993,13.688365372038598,54.46738920237146,20.069084207300893,9.259434553930495,50.713844425811985,19.92262529394312,4.310667643110347,50.57384701365836,19.568609346058544,2.275872837660027,2.791839548408416,2.4612142705460953,0.7537726126630451,1.3154910448664752,0.3489476977618657,89.95425115216996,10.502260752421021
min,"F.max(col).alias(f\"Max {col}\")",1,"\"Churn\")) for col in numeric_columns]","\"Eve Mins\"",0,0,0,0.0,0,0.0,0.0,0,0.0,23.2,33,1.04,0.0,0,0.0,0,0,284.3,22.93
max,"summary_stats.write.csv(\"/Users/anjaligupta/Desktop/project/eda_summary_statistics.csv\"",243,510,422-9964,1,1,51,350.8,165,59.64,363.7,170,30.91,395.0,175,17.77,20.0,20,5.4,9,1,884.9999999999999,96.15
